{
    "weights": [
        0.4255383096621307,
        0.5051872423410407,
        0.2794979993347628,
        -0.26557611343968546,
        0.4853672852496239,
        0.5761263108022495,
        0.33640376338076855,
        0.5045555078325412
    ],
    "bias": 0.019971091697927254
}