{
    "learning_rate": 1,
    "num_iters": 400,
    "weights": [
        -0.32313795181076077,
        0.7414867210728687,
        0.7562102611577391,
        -0.5299917093772786,
        -0.24728260723917725,
        -0.928071667580693,
        -0.3783239931082937,
        0.016464552106089242
    ],
    "bias": -0.0010472176928537531
}